unmatched_clade_names	strain
E1264D	P.1
G204R	P.1
P314L	P.1
R203K	P.1
del3675/3677	P.1
K2310R	B.1.617.1
M1352I	B.1.617.1
P314L	B.1.617.1
A1918V	B.1.617.2
G662S	B.1.617.2
P1000L	B.1.617.2
P314L	B.1.617.2
T40I	B.1.617.2
del119/120	B.1.617.2
del157/158	B.1.617.2
G204R	P.2
P314L	P.2
R203K	P.2
D1183Y	B.1.427
P314L	B.1.427
P976L	B.1.427
D1183Y	B.1.429
P314L	B.1.429
P314L	B.1.526
del3675/3677	B.1.526
A67V	B.1.525
L21F	B.1.525
P314F	B.1.525
del144/145	B.1.525
del2/3	B.1.525
del3	B.1.525
del3675/3677	B.1.525
del69/70	B.1.525
P314L	B.1.351
del241/243	B.1.351
del3675/3677	B.1.351
